"cottacracking","lWEIWy95","P","Kieff","87 Canterbury St. Ithaca","602-482-9413","issettero-8160@yopmail.com","386926361",45
"whitingblaze","L0npFDyQ","O","Rosendahl","8200 El Dorado Street Glen Allen","770-254-3923","mthurn@live.com","620069399",25
"lollylit","i9lWbZrJ","J","Nyhagen","729 Delaware Street Ottawa","607-859-9979","rgarcia@optonline.net","145407275",81
"fryermumps","X4nqQakf","B","Radeke","2 Ivy Ave. Pataskala","641-456-6150","webdragon@comcast.net","709247445",61
"treatgerman","AvYVZU7n","H","Storo","9 3rd St. Bemidji","918-592-8453","crandall@sbcglobal.net","777895083",65
"snoopybrought","Gvwqketg","R","Mahall","67 Ridge Street West Orange","719-482-8580","facet@att.net","966734940",92
"crossbredfume","EgOMbLCW","D","Gomes","9308 Newcastle St. Gurnee","614-376-4757","studyabr@aol.com","192574379",34
"mixedterrible","CaIz8Nd2","Y","Gomes","7478 Brickyard Street Scarsdale","513-731-5232","bebing@msn.com","441538734",35
"brazencartridges","hjmPjTkQ","Z","Knuff","72 Hawthorne Court Mount Prospect","712-262-6386","jnolan@yahoo.com","555488056",21
"dangowardroom","b3cshC8d","W","Brzezomslo","8069 Ridgeview Street Branford","847-608-5285","stomv@hotmail.com","966675636",48
"twistsinger","FyeuoPhF","J","Custis","65 Sulphur Springs Street Atlantic City","786-291-3876","bsikdar@gmail.com","439248285",6
"coatifestive","2eXWls6f","E","Asimov","695 Arlington Street Pewaukee","970-513-0012","doormat@verizon.net","779404739",92
"tuffsoulful","i9XLqx1i","N","Skonieczny","66 Oakland Ave. Jacksonville","989-562-3808","vganesh@me.com","762199108",32
"rwandanrub","KgS4qqNj","C","Donaldson","974 Glenlake Street Fond Du Lac","530-731-1600","bockelboy@hotmail.com","539020316",40
"kookaburrastream","V8EUs8JF","M","Cochran","934 Temple St. El Paso","704-678-7114","seurat@comcast.net","897927477",8
"soccerthinking","tECQtHXE","L","Nichilo'","828 South Proctor Dr. Pelham","773-973-9705","jkegl@me.com","620356961",1
"europiumcartload","822SvRQi","C","Linscott","849 Kingston Drive Hanover","303-819-3676","qmacro@verizon.net","678003664",90
"trynails","9OvoZH1h","Y","Kay","581 Kirkland Ave. Land O Lakes","606-776-2459","arathi@optonline.net","609726592",38
"nurseillegal","MHtiEnJ4","O","Reyes","485 Fawn Road Union","646-753-8328","dleconte@me.com","257030567",2
"dartseeds","zOLtpc3l","Q","Aziz","9557 South High Drive Defiance","860-532-9144","evans@me.com","236987125",19
"swissgallium","kWRzhI0V","P","Eberly","164 SE. Gainsway Lane Prior Lake","423-957-4886","mavilar@mac.com","892734727",73
"knowclipclop","VcWAuIC6","Q","Frei","7891 Bridle Dr. Knoxville","229-274-7250","uqmcolyv@icloud.com","267393143",41
"snowbear","vEKxJDpW","G","Worobey","123 6th St. Melbourne","505-492-8315","konst@outlook.com","876086158",100
"copernicustweet","v1wYkTBw","G","Leckie","4 Goldfield Rd. Honolulu","321-281-5230","lstaf@mac.com","276736013",73
"mindlessabcd","I5waux2q","R","Von goethe","71 Pilgrim Avenue Chevy Chase","509-258-7545","telbij@comcast.net","244827671",5